{
  "n_samples": 6954,
  "n_features": 119,
  "n_positive": 1739,
  "n_negative": 5215,
  "threshold": 0.39948547086887687,
  "best_iteration": 222,
  "train_accuracy": 0.7861675126903553,
  "train_f1": 0.6431344864101659,
  "train_precision": 0.5517867958812841,
  "train_recall": 0.7707275803722504,
  "train_auc": 0.8746102708134712,
  "val_accuracy": 0.7065868263473054,
  "val_f1": 0.5050505050505051,
  "val_precision": 0.4370629370629371,
  "val_recall": 0.5980861244019139,
  "val_auc": 0.7280294113151017,
  "test_accuracy": 0.7081236520488857,
  "test_f1": 0.5036674816625917,
  "test_precision": 0.43829787234042555,
  "test_recall": 0.5919540229885057,
  "test_auc": 0.7289979171488081,
  "params": {
    "max_depth": 3,
    "learning_rate": 0.05,
    "n_estimators": 500,
    "reg_alpha": 0,
    "reg_lambda": 2.0,
    "gamma": 0.5,
    "subsample": 0.7,
    "colsample_bytree": 0.8,
    "min_child_weight": 3,
    "random_state": 42
  },
  "target": "peak_intensity_norm_avg",
  "mode": "classification",
  "selection": "val_auc",
  "n_sweep_iterations": 500,
  "timestamp": "20260609_093140",
  "quantile_threshold": 0.75
}