{
  "n_samples": 6954,
  "n_features": 119,
  "n_positive": 1739,
  "n_negative": 5215,
  "threshold": 0.36840212917002185,
  "best_iteration": 98,
  "train_accuracy": 0.9970389170896785,
  "train_f1": 0.9941126997476871,
  "train_precision": 0.9882943143812709,
  "train_recall": 1.0,
  "train_auc": 0.9999961826342305,
  "val_accuracy": 0.7101796407185629,
  "val_f1": 0.2621951219512195,
  "val_precision": 0.36134453781512604,
  "val_recall": 0.20574162679425836,
  "val_auc": 0.5967867679655134,
  "test_accuracy": 0.6951833213515457,
  "test_f1": 0.21481481481481482,
  "test_precision": 0.3020833333333333,
  "test_recall": 0.16666666666666666,
  "test_auc": 0.5570387145832645,
  "params": {
    "max_depth": 8,
    "learning_rate": 0.1,
    "n_estimators": 1000,
    "reg_alpha": 0.01,
    "reg_lambda": 5.0,
    "gamma": 0,
    "subsample": 0.9,
    "colsample_bytree": 0.8,
    "min_child_weight": 1,
    "random_state": 42
  },
  "target": "total_increase_norm_avg",
  "mode": "classification",
  "selection": "val_auc",
  "n_sweep_iterations": 500,
  "timestamp": "20260609_095214",
  "quantile_threshold": 0.75
}