{
  "n_samples": 6953,
  "n_features": 119,
  "n_positive": 1739,
  "n_negative": 5214,
  "threshold": 0.3873607832120345,
  "best_iteration": 189,
  "train_accuracy": 0.9737677173683097,
  "train_f1": 0.9501206757843926,
  "train_precision": 0.9056748466257669,
  "train_recall": 0.9991539763113367,
  "train_auc": 0.9983976860237841,
  "val_accuracy": 0.7628742514970059,
  "val_f1": 0.505,
  "val_precision": 0.5287958115183246,
  "val_recall": 0.48325358851674644,
  "val_auc": 0.7321414922726509,
  "test_accuracy": 0.7426312005751258,
  "test_f1": 0.48857142857142855,
  "test_precision": 0.48579545454545453,
  "test_recall": 0.49137931034482757,
  "test_auc": 0.7092686878037491,
  "params": {
    "max_depth": 5,
    "learning_rate": 0.1,
    "n_estimators": 2000,
    "reg_alpha": 1.0,
    "reg_lambda": 0.5,
    "gamma": 0,
    "subsample": 0.8,
    "colsample_bytree": 0.9,
    "min_child_weight": 1,
    "random_state": 42
  },
  "target": "auc_norm_avg",
  "mode": "classification",
  "selection": "val_auc",
  "n_sweep_iterations": 500,
  "timestamp": "20260609_094136",
  "quantile_threshold": 0.75
}